Date,State,est_pop,percapita_d,total_d
2020-04-30T12:00:00Z,Alabama,4903185,5.547414589,272
2020-05-31T12:00:00Z,Alabama,4903185,12.848791143,630
2020-06-30T12:00:00Z,Alabama,4903185,19.375161247,950
2020-07-31T12:00:00Z,Alabama,4903185,32.22395239,1580
2020-08-31T12:00:00Z,Alabama,4903185,44.501686149,2182
2020-09-30T12:00:00Z,Alabama,4903185,51.803062703,2540
2020-10-31T12:00:00Z,Alabama,4903185,60.511687811,2967
2020-11-30T12:00:00Z,Alabama,4903185,72.972975729,3578
2020-12-31T12:00:00Z,Alabama,4903185,98.446214043,4827
2021-01-31T12:00:00Z,Alabama,4903185,156.796041757,7688
2021-02-28T12:00:00Z,Alabama,4903185,202.501027393,9929
2021-03-31T12:00:00Z,Alabama,4903185,215.247844003,10554
2021-04-30T12:00:00Z,Alabama,4903185,222.222902052,10896
2021-05-31T12:00:00Z,Alabama,4903185,227.321628696,11146
2020-04-30T12:00:00Z,Alaska,731545,1.230272916,9
2020-05-31T12:00:00Z,Alaska,731545,1.366969906,10
2020-06-30T12:00:00Z,Alaska,731545,1.913757869,14
2020-07-31T12:00:00Z,Alaska,731545,3.144030784,23
2020-08-31T12:00:00Z,Alaska,731545,5.057788653,37
2020-09-30T12:00:00Z,Alaska,731545,7.655031474,56
2020-10-31T12:00:00Z,Alaska,731545,11.20915323,82
2020-11-30T12:00:00Z,Alaska,731545,16.677032855,122
2020-12-31T12:00:00Z,Alaska,731545,28.159580067,206
2021-01-31T12:00:00Z,Alaska,731545,35.814611541,262
2021-02-28T12:00:00Z,Alaska,731545,39.642127279,290
2021-03-31T12:00:00Z,Alaska,731545,42.786158063,313
2021-04-30T12:00:00Z,Alaska,731545,47.433855744,347
2021-05-31T12:00:00Z,Alaska,731545,50.441189537,369
2020-04-30T12:00:00Z,Arizona,7278717,4.396379197,320
2020-05-31T12:00:00Z,Arizona,7278717,12.460987287,907
2020-06-30T12:00:00Z,Arizona,7278717,22.60013681,1645
2020-07-31T12:00:00Z,Arizona,7278717,50.750702356,3694
2020-08-31T12:00:00Z,Arizona,7278717,69.091846819,5029
2020-09-30T12:00:00Z,Arizona,7278717,77.623570198,5650
2020-10-31T12:00:00Z,Arizona,7278717,82.14359756,5979
2020-11-30T12:00:00Z,Arizona,7278717,91.211129654,6639
2020-12-31T12:00:00Z,Arizona,7278717,121.779703758,8864
2021-01-31T12:00:00Z,Arizona,7278717,180.251547079,13120
2021-02-28T12:00:00Z,Arizona,7278717,219.544186153,15980
2021-03-31T12:00:00Z,Arizona,7278717,233.104268238,16967
2021-04-30T12:00:00Z,Arizona,7278717,238.00897878,17324
2021-05-31T12:00:00Z,Arizona,7278717,242.185539017,17628
2020-04-30T12:00:00Z,Arkansas,3017804,2.02133737,61
2020-05-31T12:00:00Z,Arkansas,3017804,4.4071782,133
2020-06-30T12:00:00Z,Arkansas,3017804,8.946903112,270
2020-07-31T12:00:00Z,Arkansas,3017804,15.010915222,453
2020-08-31T12:00:00Z,Arkansas,3017804,26.40993252,797
2020-09-30T12:00:00Z,Arkansas,3017804,45.364112447,1369
2020-10-31T12:00:00Z,Arkansas,3017804,63.788105523,1925
2020-11-30T12:00:00Z,Arkansas,3017804,82.907968841,2502
2020-12-31T12:00:00Z,Arkansas,3017804,121.81042904,3676
2021-01-31T12:00:00Z,Arkansas,3017804,161.309349447,4868
2021-02-28T12:00:00Z,Arkansas,3017804,173.73560377,5243
2021-03-31T12:00:00Z,Arkansas,3017804,186.426951518,5626
2021-04-30T12:00:00Z,Arkansas,3017804,190.171396154,5739
2021-05-31T12:00:00Z,Arkansas,3017804,193.286243905,5833
2020-04-30T12:00:00Z,California,39512223,5.135119834,2029
2020-05-31T12:00:00Z,California,39512223,10.543572808,4166
2020-06-30T12:00:00Z,California,39512223,15.37245829,6074
2020-07-31T12:00:00Z,California,39512223,23.364921786,9232
2020-08-31T12:00:00Z,California,39512223,33.055593961,13061
2020-09-30T12:00:00Z,California,39512223,40.349539432,15943
2020-10-31T12:00:00Z,California,39512223,44.892437462,17738
2020-11-30T12:00:00Z,California,39512223,48.865891448,19308
2020-12-31T12:00:00Z,California,39512223,66.136496547,26132
2021-01-31T12:00:00Z,California,39512223,104.299370855,41211
2021-02-28T12:00:00Z,California,39512223,133.718115531,52835
2021-03-31T12:00:00Z,California,39512223,150.014338601,59274
2021-04-30T12:00:00Z,California,39512223,156.326309456,61768
2021-05-31T12:00:00Z,California,39512223,160.074516688,63249
2020-04-30T12:00:00Z,Colorado,5758736,13.492544197,777
2020-05-31T12:00:00Z,Colorado,5758736,25.092311924,1445
2020-06-30T12:00:00Z,Colorado,5758736,29.346717752,1690
2020-07-31T12:00:00Z,Colorado,5758736,31.91672617,1838
2020-08-31T12:00:00Z,Colorado,5758736,33.774772797,1945
2020-09-30T12:00:00Z,Colorado,5758736,35.615454503,2051
2020-10-31T12:00:00Z,Colorado,5758736,39.678846191,2285
2020-11-30T12:00:00Z,Colorado,5758736,52.737267345,3037
2020-12-31T12:00:00Z,Colorado,5758736,83.594733289,4814
2021-01-31T12:00:00Z,Colorado,5758736,97.938158651,5640
2021-02-28T12:00:00Z,Colorado,5758736,103.338649315,5951
2021-03-31T12:00:00Z,Colorado,5758736,106.047577107,6107
2021-04-30T12:00:00Z,Colorado,5758736,109.312182396,6295
2021-05-31T12:00:00Z,Colorado,5758736,114.261185093,6580
2020-04-30T12:00:00Z,Connecticut,3565287,63.304861572,2257
2020-05-31T12:00:00Z,Connecticut,3565287,110.622230412,3944
2020-06-30T12:00:00Z,Connecticut,3565287,121.224462435,4322
2020-07-31T12:00:00Z,Connecticut,3565287,124.30976805,4432
2020-08-31T12:00:00Z,Connecticut,3565287,125.235359734,4465
2020-09-30T12:00:00Z,Connecticut,3565287,126.441433747,4508
2020-10-31T12:00:00Z,Connecticut,3565287,129.470642896,4616
2020-11-30T12:00:00Z,Connecticut,3565287,140.802128973,5020
2020-12-31T12:00:00Z,Connecticut,3565287,168.149156015,5995
2021-01-31T12:00:00Z,Connecticut,3565287,197.627848754,7046
2021-02-28T12:00:00Z,Connecticut,3565287,213.783630883,7622
2021-03-31T12:00:00Z,Connecticut,3565287,221.272509057,7889
2021-04-30T12:00:00Z,Connecticut,3565287,227.106541493,8097
2021-05-31T12:00:00Z,Connecticut,3565287,231.061342327,8238
2020-04-30T12:00:00Z,Delaware,973764,21.771188912,212
2020-05-31T12:00:00Z,Delaware,973764,51.039060799,497
2020-06-30T12:00:00Z,Delaware,973764,58.124966624,566
2020-07-31T12:00:00Z,Delaware,973764,61.411183819,598
2020-08-31T12:00:00Z,Delaware,973764,63.362375278,617
2020-09-30T12:00:00Z,Delaware,973764,66.956675334,652
2020-10-31T12:00:00Z,Delaware,973764,75.480301182,735
2020-11-30T12:00:00Z,Delaware,973764,84.209315604,820
2020-12-31T12:00:00Z,Delaware,973764,108.958638849,1061
2021-01-31T12:00:00Z,Delaware,973764,134.016044955,1305
2021-02-28T12:00:00Z,Delaware,973764,146.031276572,1422
2021-03-31T12:00:00Z,Delaware,973764,160.100393935,1559
2021-04-30T12:00:00Z,Delaware,973764,166.878216899,1625
2021-05-31T12:00:00Z,Delaware,973764,170.575211242,1661
2020-04-30T12:00:00Z,District of Columbia,705749,31.739329422,224
2020-05-31T12:00:00Z,District of Columbia,705749,66.029140672,466
2020-06-30T12:00:00Z,District of Columbia,705749,78.07308264,551
2020-07-31T12:00:00Z,District of Columbia,705749,82.748965992,584
2020-08-31T12:00:00Z,District of Columbia,705749,86.007914995,607
2020-09-30T12:00:00Z,District of Columbia,705749,88.841783694,627
2020-10-31T12:00:00Z,District of Columbia,705749,91.533958957,646
2020-11-30T12:00:00Z,District of Columbia,705749,96.351535744,680
2020-12-31T12:00:00Z,District of Columbia,705749,111.371039846,786
2021-01-31T12:00:00Z,District of Columbia,705749,129.36610608,913
2021-02-28T12:00:00Z,District of Columbia,705749,144.102223312,1017
2021-03-31T12:00:00Z,District of Columbia,705749,150.761814753,1064
2021-04-30T12:00:00Z,District of Columbia,705749,156.571245584,1105
2021-05-31T12:00:00Z,District of Columbia,705749,160.396968327,1132
2020-04-30T12:00:00Z,Florida,21477737,5.903787722,1268
2020-05-31T12:00:00Z,Florida,21477737,11.411816804,2451
2020-06-30T12:00:00Z,Florida,21477737,16.319223948,3505
2020-07-31T12:00:00Z,Florida,21477737,31.860898567,6843
2020-08-31T12:00:00Z,Florida,21477737,52.086493097,11187
2020-09-30T12:00:00Z,Florida,21477737,66.659723043,14317
2020-10-31T12:00:00Z,Florida,21477737,78.038947958,16761
2020-11-30T12:00:00Z,Florida,21477737,86.587334597,18597
2020-12-31T12:00:00Z,Florida,21477737,100.909141405,21673
2021-01-31T12:00:00Z,Florida,21477737,123.285800548,26479
2021-02-28T12:00:00Z,Florida,21477737,143.646418615,30852
2021-03-31T12:00:00Z,Florida,21477737,155.626265467,33425
2021-04-30T12:00:00Z,Florida,21477737,163.709053705,35161
2021-05-31T12:00:00Z,Florida,21477737,171.21915591,36774
2020-04-30T12:00:00Z,Georgia,10617423,10.661720834,1132
2020-05-31T12:00:00Z,Georgia,10617423,19.336142113,2053
2020-06-30T12:00:00Z,Georgia,10617423,26.418840052,2805
2020-07-31T12:00:00Z,Georgia,10617423,35.338141845,3752
2020-08-31T12:00:00Z,Georgia,10617423,53.054305174,5633
2020-09-30T12:00:00Z,Georgia,10617423,66.127157221,7021
2020-10-31T12:00:00Z,Georgia,10617423,75.150062308,7979
2020-11-30T12:00:00Z,Georgia,10617423,89.023485266,9452
2020-12-31T12:00:00Z,Georgia,10617423,102.981674555,10934
2021-01-31T12:00:00Z,Georgia,10617423,133.723597525,14198
2021-02-28T12:00:00Z,Georgia,10617423,162.892634117,17295
2021-03-31T12:00:00Z,Georgia,10617423,179.469161208,19055
2021-04-30T12:00:00Z,Georgia,10617423,190.159137486,20190
2021-05-31T12:00:00Z,Georgia,10617423,196.252894888,20837
2020-04-30T12:00:00Z,Hawaii,1415872,1.130045654,16
2020-05-31T12:00:00Z,Hawaii,1415872,1.200673507,17
2020-06-30T12:00:00Z,Hawaii,1415872,1.271301361,18
2020-07-31T12:00:00Z,Hawaii,1415872,1.836324187,26
2020-08-31T12:00:00Z,Hawaii,1415872,4.943949736,70
2020-09-30T12:00:00Z,Hawaii,1415872,9.605388058,136
2020-10-31T12:00:00Z,Hawaii,1415872,15.467499887,219
2020-11-30T12:00:00Z,Hawaii,1415872,17.233196221,244
2020-12-31T12:00:00Z,Hawaii,1415872,20.340821769,288
2021-01-31T12:00:00Z,Hawaii,1415872,28.95741988,410
2021-02-28T12:00:00Z,Hawaii,1415872,31.005627627,439
2021-03-31T12:00:00Z,Hawaii,1415872,32.700696108,463
2021-04-30T12:00:00Z,Hawaii,1415872,34.113253175,483
2021-05-31T12:00:00Z,Hawaii,1415872,35.313926683,500
2020-04-30T12:00:00Z,Idaho,1787065,3.357460417,60
2020-05-31T12:00:00Z,Idaho,1787065,4.588529236,82
2020-06-30T12:00:00Z,Idaho,1787065,5.148105973,92
2020-07-31T12:00:00Z,Idaho,1787065,10.52004264,188
2020-08-31T12:00:00Z,Idaho,1787065,20.200720175,361
2020-09-30T12:00:00Z,Idaho,1787065,26.244148926,469
2020-10-31T12:00:00Z,Idaho,1787065,35.197376704,629
2020-11-30T12:00:00Z,Idaho,1787065,51.984678789,929
2020-12-31T12:00:00Z,Idaho,1787065,80.355219312,1436
2021-01-31T12:00:00Z,Idaho,1787065,96.526986987,1725
2021-02-28T12:00:00Z,Idaho,1787065,104.081272925,1860
2021-03-31T12:00:00Z,Idaho,1787065,109.788955634,1962
2021-04-30T12:00:00Z,Idaho,1787065,114.489400218,2046
2021-05-31T12:00:00Z,Idaho,1787065,116.951537857,2090
2020-04-30T12:00:00Z,Illinois,12671821,18.584542821,2355
2020-05-31T12:00:00Z,Illinois,12671821,42.535323061,5390
2020-06-30T12:00:00Z,Illinois,12671821,54.633031827,6923
2020-07-31T12:00:00Z,Illinois,12671821,60.701615024,7692
2020-08-31T12:00:00Z,Illinois,12671821,64.986713433,8235
2020-09-30T12:00:00Z,Illinois,12671821,70.360842376,8916
2020-10-31T12:00:00Z,Illinois,12671821,79.230917167,10040
2020-11-30T12:00:00Z,Illinois,12671821,102.4714601,12985
2020-12-31T12:00:00Z,Illinois,12671821,141.873847492,17978
2021-01-31T12:00:00Z,Illinois,12671821,167.718593878,21253
2021-02-28T12:00:00Z,Illinois,12671821,179.413834839,22735
2021-03-31T12:00:00Z,Illinois,12671821,186.074282457,23579
2021-04-30T12:00:00Z,Illinois,12671821,191.693048694,24291
2021-05-31T12:00:00Z,Illinois,12671821,199.047950567,25223
2020-04-30T12:00:00Z,Indiana,6732219,17.24542829,1161
2020-05-31T12:00:00Z,Indiana,6732219,31.38638241,2113
2020-06-30T12:00:00Z,Indiana,6732219,38.159780601,2569
2020-07-31T12:00:00Z,Indiana,6732219,42.86848066,2886
2020-08-31T12:00:00Z,Indiana,6732219,48.468417323,3263
2020-09-30T12:00:00Z,Indiana,6732219,54.142623703,3645
2020-10-31T12:00:00Z,Indiana,6732219,66.902161085,4504
2020-11-30T12:00:00Z,Indiana,6732219,95.540563966,6432
2020-12-31T12:00:00Z,Indiana,6732219,139.478528551,9390
2021-01-31T12:00:00Z,Indiana,6732219,167.790144676,11296
2021-02-28T12:00:00Z,Indiana,6732219,186.758630401,12573
2021-03-31T12:00:00Z,Indiana,6732219,193.680568027,13039
2021-04-30T12:00:00Z,Indiana,6732219,198.032773444,13332
2021-05-31T12:00:00Z,Indiana,6732219,202.310709144,13620
2020-04-30T12:00:00Z,Iowa,3155070,5.134592893,162
2020-05-31T12:00:00Z,Iowa,3155070,16.956834555,535
2020-06-30T12:00:00Z,Iowa,3155070,22.693632788,716
2020-07-31T12:00:00Z,Iowa,3155070,27.638055574,872
2020-08-31T12:00:00Z,Iowa,3155070,35.498420003,1120
2020-09-30T12:00:00Z,Iowa,3155070,43.041834254,1358
2020-10-31T12:00:00Z,Iowa,3155070,54.388650648,1716
2020-11-30T12:00:00Z,Iowa,3155070,76.892113329,2426
2020-12-31T12:00:00Z,Iowa,3155070,123.325314494,3891
2021-01-31T12:00:00Z,Iowa,3155070,155.337282533,4901
2021-02-28T12:00:00Z,Iowa,3155070,173.403442713,5471
2021-03-31T12:00:00Z,Iowa,3155070,182.024487571,5743
2021-04-30T12:00:00Z,Iowa,3155070,188.585356268,5950
2021-05-31T12:00:00Z,Iowa,3155070,191.913333143,6055
2020-04-30T12:00:00Z,Kansas,2913314,4.599572858,134
2020-05-31T12:00:00Z,Kansas,2913314,7.379911674,215
2020-06-30T12:00:00Z,Kansas,2913314,9.370771568,273
2020-07-31T12:00:00Z,Kansas,2913314,12.288411067,358
2020-08-31T12:00:00Z,Kansas,2913314,15.549302272,453
2020-09-30T12:00:00Z,Kansas,2913314,23.341115994,680
2020-10-31T12:00:00Z,Kansas,2913314,35.389250867,1031
2020-11-30T12:00:00Z,Kansas,2913314,53.650241615,1563
2020-12-31T12:00:00Z,Kansas,2913314,94.565844945,2755
2021-01-31T12:00:00Z,Kansas,2913314,130.572948882,3804
2021-02-28T12:00:00Z,Kansas,2913314,162.358056838,4730
2021-03-31T12:00:00Z,Kansas,2913314,168.467937201,4908
2021-04-30T12:00:00Z,Kansas,2913314,171.042324995,4983
2021-05-31T12:00:00Z,Kansas,2913314,174.268891029,5077
2020-04-30T12:00:00Z,Kentucky,4467673,5.371924042,240
2020-05-31T12:00:00Z,Kentucky,4467673,9.647080259,431
2020-06-30T12:00:00Z,Kentucky,4467673,12.646404515,565
2020-07-31T12:00:00Z,Kentucky,4467673,16.451517378,735
2020-08-31T12:00:00Z,Kentucky,4467673,20.883354713,933
2020-09-30T12:00:00Z,Kentucky,4467673,26.277661772,1174
2020-10-31T12:00:00Z,Kentucky,4467673,33.238780009,1485
2020-11-30T12:00:00Z,Kentucky,4467673,42.706796133,1908
2020-12-31T12:00:00Z,Kentucky,4467673,58.710653174,2623
2021-01-31T12:00:00Z,Kentucky,4467673,83.82439807,3745
2021-02-28T12:00:00Z,Kentucky,4467673,103.790049093,4637
2021-03-31T12:00:00Z,Kentucky,4467673,136.312572563,6090
2021-04-30T12:00:00Z,Kentucky,4467673,145.511992485,6501
2021-05-31T12:00:00Z,Kentucky,4467673,151.801620217,6782
2020-04-30T12:00:00Z,Louisiana,4648794,40.978369874,1905
2020-05-31T12:00:00Z,Louisiana,4648794,60.037076283,2791
2020-06-30T12:00:00Z,Louisiana,4648794,69.286787068,3221
2020-07-31T12:00:00Z,Louisiana,4648794,84.946762537,3949
2020-08-31T12:00:00Z,Louisiana,4648794,106.479228806,4950
2020-09-30T12:00:00Z,Louisiana,4648794,118.546874738,5511
2020-10-31T12:00:00Z,Louisiana,4648794,127.323344506,5919
2020-11-30T12:00:00Z,Louisiana,4648794,138.100333119,6420
2020-12-31T12:00:00Z,Louisiana,4648794,161.074033394,7488
2021-01-31T12:00:00Z,Louisiana,4648794,190.565553131,8859
2021-02-28T12:00:00Z,Louisiana,4648794,206.677258661,9608
2021-03-31T12:00:00Z,Louisiana,4648794,218.142597844,10141
2021-04-30T12:00:00Z,Louisiana,4648794,223.326738074,10382
2021-05-31T12:00:00Z,Louisiana,4648794,227.499863405,10576
2020-04-30T12:00:00Z,Maine,1344212,3.942830446,53
2020-05-31T12:00:00Z,Maine,1344212,6.620979429,89
2020-06-30T12:00:00Z,Maine,1344212,7.811267865,105
2020-07-31T12:00:00Z,Maine,1344212,9.150342357,123
2020-08-31T12:00:00Z,Maine,1344212,9.819879602,132
2020-09-30T12:00:00Z,Maine,1344212,10.489416848,141
2020-10-31T12:00:00Z,Maine,1344212,10.935775012,147
2020-11-30T12:00:00Z,Maine,1344212,14.432247294,194
2020-12-31T12:00:00Z,Maine,1344212,25.81438047,347
2021-01-31T12:00:00Z,Maine,1344212,43.891886101,590
2021-02-28T12:00:00Z,Maine,1344212,52.298298185,703
2021-03-31T12:00:00Z,Maine,1344212,55.274019277,743
2021-04-30T12:00:00Z,Maine,1344212,58.324133396,784
2021-05-31T12:00:00Z,Maine,1344212,61.374247515,825
2020-04-30T12:00:00Z,Maryland,6045680,18.85643964,1140
2020-05-31T12:00:00Z,Maryland,6045680,41.881144884,2532
2020-06-30T12:00:00Z,Maryland,6045680,52.764949518,3190
2020-07-31T12:00:00Z,Maryland,6045680,57.776792685,3493
2020-08-31T12:00:00Z,Maryland,6045680,62.110465655,3755
2020-09-30T12:00:00Z,Maryland,6045680,65.319368541,3949
2020-10-31T12:00:00Z,Maryland,6045680,68.594434373,4147
2020-11-30T12:00:00Z,Maryland,6045680,76.765558217,4641
2020-12-31T12:00:00Z,Maryland,6045680,97.50764182,5895
2021-01-31T12:00:00Z,Maryland,6045680,117.88582922,7127
2021-02-28T12:00:00Z,Maryland,6045680,130.159055722,7869
2021-03-31T12:00:00Z,Maryland,6045680,137.056542854,8286
2021-04-30T12:00:00Z,Maryland,6045680,144.632200183,8744
2021-05-31T12:00:00Z,Maryland,6045680,159.02264096,9614
2020-04-30T12:00:00Z,Massachusetts,6892503,51.679339131,3562
2020-05-31T12:00:00Z,Massachusetts,6892503,99.325310413,6846
2020-06-30T12:00:00Z,Massachusetts,6892503,116.837090967,8053
2020-07-31T12:00:00Z,Massachusetts,6892503,124.903826665,8609
2020-08-31T12:00:00Z,Massachusetts,6892503,131.447168032,9060
2020-09-30T12:00:00Z,Massachusetts,6892503,137.192540939,9456
2020-10-31T12:00:00Z,Massachusetts,6892503,144.954597771,9991
2020-11-30T12:00:00Z,Massachusetts,6892503,155.937545475,10748
2020-12-31T12:00:00Z,Massachusetts,6892503,180.239312192,12423
2021-01-31T12:00:00Z,Massachusetts,6892503,211.490658764,14577
2021-02-28T12:00:00Z,Massachusetts,6892503,233.848284143,16118
2021-03-31T12:00:00Z,Massachusetts,6892503,249.328872254,17185
2021-04-30T12:00:00Z,Massachusetts,6892503,255.494992168,17610
2021-05-31T12:00:00Z,Massachusetts,6892503,259.296223738,17872
2020-04-30T12:00:00Z,Michigan,9986857,37.939864364,3789
2020-05-31T12:00:00Z,Michigan,9986857,54.982263189,5491
2020-06-30T12:00:00Z,Michigan,9986857,62.011501717,6193
2020-07-31T12:00:00Z,Michigan,9986857,64.584883913,6450
2020-08-31T12:00:00Z,Michigan,9986857,67.618871483,6753
2020-09-30T12:00:00Z,Michigan,9986857,70.923214381,7083
2020-10-31T12:00:00Z,Michigan,9986857,77.091321123,7699
2020-11-30T12:00:00Z,Michigan,9986857,95.765865076,9564
2020-12-31T12:00:00Z,Michigan,9986857,130.351320741,13018
2021-01-31T12:00:00Z,Michigan,9986857,155.454313604,15525
2021-02-28T12:00:00Z,Michigan,9986857,165.297250176,16508
2021-03-31T12:00:00Z,Michigan,9986857,171.415291117,17119
2021-04-30T12:00:00Z,Michigan,9986857,187.776795042,18753
2021-05-31T12:00:00Z,Michigan,9986857,204.028154203,20376
2020-04-30T12:00:00Z,Minnesota,5639632,6.081957121,343
2020-05-31T12:00:00Z,Minnesota,5639632,18.618236083,1050
2020-06-30T12:00:00Z,Minnesota,5639632,26.171920437,1476
2020-07-31T12:00:00Z,Minnesota,5639632,29.079911597,1640
2020-08-31T12:00:00Z,Minnesota,5639632,33.087265268,1866
2020-09-30T12:00:00Z,Minnesota,5639632,37.041423979,2089
2020-10-31T12:00:00Z,Minnesota,5639632,44.52418172,2511
2020-11-30T12:00:00Z,Minnesota,5639632,64.755998264,3652
2020-12-31T12:00:00Z,Minnesota,5639632,95.431758668,5382
2021-01-31T12:00:00Z,Minnesota,5639632,111.142003592,6268
2021-02-28T12:00:00Z,Minnesota,5639632,116.160061508,6551
2021-03-31T12:00:00Z,Minnesota,5639632,122.809431537,6926
2021-04-30T12:00:00Z,Minnesota,5639632,128.323975749,7237
2021-05-31T12:00:00Z,Minnesota,5639632,133.324302011,7519
2020-04-30T12:00:00Z,Mississippi,2976149,8.769722215,261
2020-05-31T12:00:00Z,Mississippi,2976149,24.6627437,734
2020-06-30T12:00:00Z,Mississippi,2976149,36.053302439,1073
2020-07-31T12:00:00Z,Mississippi,2976149,55.87757871,1663
2020-08-31T12:00:00Z,Mississippi,2976149,83.093957997,2473
2020-09-30T12:00:00Z,Mississippi,2976149,99.759790252,2969
2020-10-31T12:00:00Z,Mississippi,2976149,112.023961166,3334
2020-11-30T12:00:00Z,Mississippi,2976149,127.916982651,3807
2020-12-31T12:00:00Z,Mississippi,2976149,160.845441542,4787
2021-01-31T12:00:00Z,Mississippi,2976149,203.114830608,6045
2021-02-28T12:00:00Z,Mississippi,2976149,224.484728419,6681
2021-03-31T12:00:00Z,Mississippi,2976149,236.278492777,7032
2021-04-30T12:00:00Z,Mississippi,2976149,241.889770976,7199
2021-05-31T12:00:00Z,Mississippi,2976149,245.821025762,7316
2020-04-30T12:00:00Z,Missouri,6137428,5.719008027,351
2020-05-31T12:00:00Z,Missouri,6137428,12.774080608,784
2020-06-30T12:00:00Z,Missouri,6137428,16.537872216,1015
2020-07-31T12:00:00Z,Missouri,6137428,20.823054869,1278
2020-08-31T12:00:00Z,Missouri,6137428,25.580748157,1570
2020-09-30T12:00:00Z,Missouri,6137428,34.183700403,2098
2020-10-31T12:00:00Z,Missouri,6137428,49.77655135,3055
2020-11-30T12:00:00Z,Missouri,6137428,63.381598937,3890
2020-12-31T12:00:00Z,Missouri,6137428,93.263823217,5724
2021-01-31T12:00:00Z,Missouri,6137428,115.211127528,7071
2021-02-28T12:00:00Z,Missouri,6137428,134.926226426,8281
2021-03-31T12:00:00Z,Missouri,6137428,144.246091359,8853
2021-04-30T12:00:00Z,Missouri,6137428,148.889730356,9138
2021-05-31T12:00:00Z,Missouri,6137428,154.755379615,9498
2020-04-30T12:00:00Z,Montana,1068778,1.497036803,16
2020-05-31T12:00:00Z,Montana,1068778,1.590601603,17
2020-06-30T12:00:00Z,Montana,1068778,2.058425604,22
2020-07-31T12:00:00Z,Montana,1068778,5.61388801,60
2020-08-31T12:00:00Z,Montana,1068778,9.730739218,104
2020-09-30T12:00:00Z,Montana,1068778,16.841664031,180
2020-10-31T12:00:00Z,Montana,1068778,35.086800065,375
2020-11-30T12:00:00Z,Montana,1068778,63.717628918,681
2020-12-31T12:00:00Z,Montana,1068778,89.915772967,961
2021-01-31T12:00:00Z,Montana,1068778,115.365398614,1233
2021-02-28T12:00:00Z,Montana,1068778,126.967433836,1357
2021-03-31T12:00:00Z,Montana,1068778,134.45261785,1437
2021-04-30T12:00:00Z,Montana,1068778,146.990301073,1571
2021-05-31T12:00:00Z,Montana,1068778,150.92002268,1613
2020-04-30T12:00:00Z,Nebraska,1934408,3.618678169,70
2020-05-31T12:00:00Z,Nebraska,1934408,8.788218411,170
2020-06-30T12:00:00Z,Nebraska,1934408,14.164540262,274
2020-07-31T12:00:00Z,Nebraska,1934408,17.162873603,332
2020-08-31T12:00:00Z,Nebraska,1934408,20.52307476,397
2020-09-30T12:00:00Z,Nebraska,1934408,24.710402356,478
2020-10-31T12:00:00Z,Nebraska,1934408,33.705402376,652
2020-11-30T12:00:00Z,Nebraska,1934408,52.625919661,1018
2020-12-31T12:00:00Z,Nebraska,1934408,85.349109392,1651
2021-01-31T12:00:00Z,Nebraska,1934408,99.255172642,1920
2021-02-28T12:00:00Z,Nebraska,1934408,107.629827834,2082
2021-03-31T12:00:00Z,Nebraska,1934408,112.695977271,2180
2021-04-30T12:00:00Z,Nebraska,1934408,116.004483025,2244
2021-05-31T12:00:00Z,Nebraska,1934408,116.262960037,2249
2020-04-30T12:00:00Z,Nevada,3080156,7.889210806,243
2020-05-31T12:00:00Z,Nevada,3080156,13.538275334,417
2020-06-30T12:00:00Z,Nevada,3080156,16.460205262,507
2020-07-31T12:00:00Z,Nevada,3080156,26.946687116,830
2020-08-31T12:00:00Z,Nevada,3080156,42.367983959,1305
2020-09-30T12:00:00Z,Nevada,3080156,51.945420946,1600
2020-10-31T12:00:00Z,Nevada,3080156,57.691883138,1777
2020-11-30T12:00:00Z,Nevada,3080156,69.606864068,2144
2020-12-31T12:00:00Z,Nevada,3080156,101.358502621,3122
2021-01-31T12:00:00Z,Nevada,3080156,138.62934215,4270
2021-02-28T12:00:00Z,Nevada,3080156,160.933407269,4957
2021-03-31T12:00:00Z,Nevada,3080156,170.413446592,5249
2021-04-30T12:00:00Z,Nevada,3080156,177.393612531,5464
2021-05-31T12:00:00Z,Nevada,3080156,181.354450878,5586
2020-04-30T12:00:00Z,New Hampshire,1359711,5.295242886,72
2020-05-31T12:00:00Z,New Hampshire,1359711,18.018534821,245
2020-06-30T12:00:00Z,New Hampshire,1359711,27.285209872,371
2020-07-31T12:00:00Z,New Hampshire,1359711,30.521191636,415
2020-08-31T12:00:00Z,New Hampshire,1359711,31.771457317,432
2020-09-30T12:00:00Z,New Hampshire,1359711,32.286272598,439
2020-10-31T12:00:00Z,New Hampshire,1359711,35.522254361,483
2020-11-30T12:00:00Z,New Hampshire,1359711,38.684691085,526
2020-12-31T12:00:00Z,New Hampshire,1359711,55.820685425,759
2021-01-31T12:00:00Z,New Hampshire,1359711,77.737107371,1057
2021-02-28T12:00:00Z,New Hampshire,1359711,86.0476969,1170
2021-03-31T12:00:00Z,New Hampshire,1359711,91.048759626,1238
2021-04-30T12:00:00Z,New Hampshire,1359711,95.829187232,1303
2021-05-31T12:00:00Z,New Hampshire,1359711,99.506439236,1353
2020-04-30T12:00:00Z,New Jersey,8882190,81.376327235,7228
2020-05-31T12:00:00Z,New Jersey,8882190,131.701753734,11698
2020-06-30T12:00:00Z,New Jersey,8882190,169.271317096,15035
2020-07-31T12:00:00Z,New Jersey,8882190,178.097969082,15819
2020-08-31T12:00:00Z,New Jersey,8882190,179.516538151,15945
2020-09-30T12:00:00Z,New Jersey,8882190,181.509289939,16122
2020-10-31T12:00:00Z,New Jersey,8882190,184.076224445,16350
2020-11-30T12:00:00Z,New Jersey,8882190,191.315430091,16993
2020-12-31T12:00:00Z,New Jersey,8882190,214.384065191,19042
2021-01-31T12:00:00Z,New Jersey,8882190,241.877284769,21484
2021-02-28T12:00:00Z,New Jersey,8882190,261.782285675,23252
2021-03-31T12:00:00Z,New Jersey,8882190,276.519642115,24561
2021-04-30T12:00:00Z,New Jersey,8882190,287.699317398,25554
2021-05-31T12:00:00Z,New Jersey,8882190,295.107400315,26212
2020-04-30T12:00:00Z,New Mexico,2096829,5.866000518,123
2020-05-31T12:00:00Z,New Mexico,2096829,16.978017759,356
2020-06-30T12:00:00Z,New Mexico,2096829,23.702457377,497
2020-07-31T12:00:00Z,New Mexico,2096829,30.61766124,642
2020-08-31T12:00:00Z,New Mexico,2096829,37.151336614,779
2020-09-30T12:00:00Z,New Mexico,2096829,41.825060603,877
2020-10-31T12:00:00Z,New Mexico,2096829,48.549500222,1018
2020-11-30T12:00:00Z,New Mexico,2096829,74.779583838,1568
2020-12-31T12:00:00Z,New Mexico,2096829,118.130758398,2477
2021-01-31T12:00:00Z,New Mexico,2096829,156.569753661,3283
2021-02-28T12:00:00Z,New Mexico,2096829,177.219983127,3716
2021-03-31T12:00:00Z,New Mexico,2096829,187.759707635,3937
2021-04-30T12:00:00Z,New Mexico,2096829,193.95954558,4067
2021-05-31T12:00:00Z,New Mexico,2096829,203.30699356,4263
2020-04-30T12:00:00Z,New York,19453561,121.24772426,23587
2020-05-31T12:00:00Z,New York,19453561,153.103074548,29784
2020-06-30T12:00:00Z,New York,19453561,164.658799487,32032
2020-07-31T12:00:00Z,New York,19453561,168.03607319,32689
2020-08-31T12:00:00Z,New York,19453561,169.413712996,32957
2020-09-30T12:00:00Z,New York,19453561,171.300257058,33324
2020-10-31T12:00:00Z,New York,19453561,173.387278555,33730
2020-11-30T12:00:00Z,New York,19453561,177.987978653,34625
2020-12-31T12:00:00Z,New York,19453561,195.249599803,37983
2021-01-31T12:00:00Z,New York,19453561,224.298266009,43634
2021-02-28T12:00:00Z,New York,19453561,244.762385663,47615
2021-03-31T12:00:00Z,New York,19453561,258.55934551,50299
2021-04-30T12:00:00Z,New York,19453561,268.629481255,52258
2021-05-31T12:00:00Z,New York,19453561,274.001248409,53303
2020-04-30T12:00:00Z,North Carolina,10488084,3.871059766,406
2020-05-31T12:00:00Z,North Carolina,10488084,8.933948279,937
2020-06-30T12:00:00Z,North Carolina,10488084,13.157789354,1380
2020-07-31T12:00:00Z,North Carolina,10488084,18.516251395,1942
2020-08-31T12:00:00Z,North Carolina,10488084,25.76257017,2702
2020-09-30T12:00:00Z,North Carolina,10488084,33.676313042,3532
2020-10-31T12:00:00Z,North Carolina,10488084,41.742609994,4378
2020-11-30T12:00:00Z,North Carolina,10488084,50.161688255,5261
2020-12-31T12:00:00Z,North Carolina,10488084,64.339683016,6748
2021-01-31T12:00:00Z,North Carolina,10488084,89.005770739,9335
2021-02-28T12:00:00Z,North Carolina,10488084,106.902271187,11212
2021-03-31T12:00:00Z,North Carolina,10488084,115.483438157,12112
2021-04-30T12:00:00Z,North Carolina,10488084,120.622603709,12651
2021-05-31T12:00:00Z,North Carolina,10488084,124.693890705,13078
2020-04-30T12:00:00Z,North Dakota,762062,2.493235459,19
2020-05-31T12:00:00Z,North Dakota,762062,8.004598051,61
2020-06-30T12:00:00Z,North Dakota,762062,10.366610591,79
2020-07-31T12:00:00Z,North Dakota,762062,13.515960644,103
2020-08-31T12:00:00Z,North Dakota,762062,18.764877398,143
2020-09-30T12:00:00Z,North Dakota,762062,32.280838042,246
2020-10-31T12:00:00Z,North Dakota,762062,68.760809488,524
2020-11-30T12:00:00Z,North Dakota,762062,122.430983306,933
2020-12-31T12:00:00Z,North Dakota,762062,170.458571612,1299
2021-01-31T12:00:00Z,North Dakota,762062,189.879563605,1447
2021-02-28T12:00:00Z,North Dakota,762062,193.553805333,1475
2021-03-31T12:00:00Z,North Dakota,762062,196.571932467,1498
2021-04-30T12:00:00Z,North Dakota,762062,199.852505439,1523
2021-05-31T12:00:00Z,North Dakota,762062,202.476963817,1543
2020-04-30T12:00:00Z,Ohio,11689100,9.230821877,1079
2020-05-31T12:00:00Z,Ohio,11689100,18.213549375,2129
2020-06-30T12:00:00Z,Ohio,11689100,22.200169389,2595
2020-07-31T12:00:00Z,Ohio,11689100,27.39304138,3202
2020-08-31T12:00:00Z,Ohio,11689100,33.407191315,3905
2020-09-30T12:00:00Z,Ohio,11689100,38.172314378,4462
2020-10-31T12:00:00Z,Ohio,11689100,45.452601141,5313
2020-11-30T12:00:00Z,Ohio,11689100,68.995902165,8065
2020-12-31T12:00:00Z,Ohio,11689100,116.21938387,13585
2021-01-31T12:00:00Z,Ohio,11689100,147.590490286,17252
2021-02-28T12:00:00Z,Ohio,11689100,159.139711355,18602
2021-03-31T12:00:00Z,Ohio,11689100,164.19570369,19193
2021-04-30T12:00:00Z,Ohio,11689100,168.627182589,19711
2021-05-31T12:00:00Z,Ohio,11689100,170.928471824,19980
2020-04-30T12:00:00Z,Oklahoma,3956971,5.610351959,222
2020-05-31T12:00:00Z,Oklahoma,3956971,8.440799794,334
2020-06-30T12:00:00Z,Oklahoma,3956971,9.780208144,387
2020-07-31T12:00:00Z,Oklahoma,3956971,13.672073917,541
2020-08-31T12:00:00Z,Oklahoma,3956971,20.217484536,800
2020-09-30T12:00:00Z,Oklahoma,3956971,26.055283195,1031
2020-10-31T12:00:00Z,Oklahoma,3956971,33.78847103,1337
2020-11-30T12:00:00Z,Oklahoma,3956971,44.048844432,1743
2020-12-31T12:00:00Z,Oklahoma,3956971,62.901648761,2489
2021-01-31T12:00:00Z,Oklahoma,3956971,89.639272059,3547
2021-02-28T12:00:00Z,Oklahoma,3956971,111.903776904,4428
2021-03-31T12:00:00Z,Oklahoma,3956971,125.171501131,4953
2021-04-30T12:00:00Z,Oklahoma,3956971,171.545356284,6788
2021-05-31T12:00:00Z,Oklahoma,3956971,184.257099686,7291
2020-04-30T12:00:00Z,Oregon,4217737,2.442067867,103
2020-05-31T12:00:00Z,Oregon,4217737,3.627537706,153
2020-06-30T12:00:00Z,Oregon,4217737,4.907845131,207
2020-07-31T12:00:00Z,Oregon,4217737,7.63442576,322
2020-08-31T12:00:00Z,Oregon,4217737,10.882613117,459
2020-09-30T12:00:00Z,Oregon,4217737,13.253552794,559
2020-10-31T12:00:00Z,Oregon,4217737,16.335774374,689
2020-11-30T12:00:00Z,Oregon,4217737,21.622969853,912
2020-12-31T12:00:00Z,Oregon,4217737,35.018779028,1477
2021-01-31T12:00:00Z,Oregon,4217737,46.399289477,1957
2021-02-28T12:00:00Z,Oregon,4217737,52.350348066,2208
2021-03-31T12:00:00Z,Oregon,4217737,56.4994925,2383
2021-04-30T12:00:00Z,Oregon,4217737,59.154944938,2495
2021-05-31T12:00:00Z,Oregon,4217737,63.32779877,2671
2020-04-30T12:00:00Z,Pennsylvania,12801989,19.754742798,2529
2020-05-31T12:00:00Z,Pennsylvania,12801989,43.532297989,5573
2020-06-30T12:00:00Z,Pennsylvania,12801989,52.03878866,6662
2020-07-31T12:00:00Z,Pennsylvania,12801989,56.311562211,7209
2020-08-31T12:00:00Z,Pennsylvania,12801989,59.857886146,7663
2020-09-30T12:00:00Z,Pennsylvania,12801989,63.529190659,8133
2020-10-31T12:00:00Z,Pennsylvania,12801989,68.723695982,8798
2020-11-30T12:00:00Z,Pennsylvania,12801989,80.901491167,10357
2020-12-31T12:00:00Z,Pennsylvania,12801989,125.214917776,16030
2021-01-31T12:00:00Z,Pennsylvania,12801989,169.161213933,21656
2021-02-28T12:00:00Z,Pennsylvania,12801989,187.431812354,23995
2021-03-31T12:00:00Z,Pennsylvania,12801989,195.977359456,25089
2021-04-30T12:00:00Z,Pennsylvania,12801989,204.725999999,26209
2021-05-31T12:00:00Z,Pennsylvania,12801989,212.576342629,27214
2020-04-30T12:00:00Z,Rhode Island,1059361,34.360336089,364
2020-05-31T12:00:00Z,Rhode Island,1059361,78.065928423,827
2020-06-30T12:00:00Z,Rhode Island,1059361,92.225407581,977
2020-07-31T12:00:00Z,Rhode Island,1059361,96.850837439,1026
2020-08-31T12:00:00Z,Rhode Island,1059361,101.75945688,1078
2020-09-30T12:00:00Z,Rhode Island,1059361,106.196093683,1125
2020-10-31T12:00:00Z,Rhode Island,1059361,114.786177705,1216
2020-11-30T12:00:00Z,Rhode Island,1059361,133.571086721,1415
2020-12-31T12:00:00Z,Rhode Island,1059361,182.185298496,1930
2021-01-31T12:00:00Z,Rhode Island,1059361,220.982271388,2341
2021-02-28T12:00:00Z,Rhode Island,1059361,236.180112351,2502
2021-03-31T12:00:00Z,Rhode Island,1059361,247.224506094,2619
2021-04-30T12:00:00Z,Rhode Island,1059361,252.133125535,2671
2021-05-31T12:00:00Z,Rhode Island,1059361,255.625797061,2708
2020-04-30T12:00:00Z,South Carolina,5148714,4.739047459,244
2020-05-31T12:00:00Z,South Carolina,5148714,9.594628872,494
2020-06-30T12:00:00Z,South Carolina,5148714,14.353098657,739
2020-07-31T12:00:00Z,South Carolina,5148714,33.251021517,1712
2020-08-31T12:00:00Z,South Carolina,5148714,52.828725775,2720
2020-09-30T12:00:00Z,South Carolina,5148714,65.608616054,3378
2020-10-31T12:00:00Z,South Carolina,5148714,76.426851443,3935
2020-11-30T12:00:00Z,South Carolina,5148714,85.089208684,4381
2020-12-31T12:00:00Z,South Carolina,5148714,102.860636656,5296
2021-01-31T12:00:00Z,South Carolina,5148714,136.772017245,7042
2021-02-28T12:00:00Z,South Carolina,5148714,165.983195027,8546
2021-03-31T12:00:00Z,South Carolina,5148714,177.636590419,9146
2021-04-30T12:00:00Z,South Carolina,5148714,184.453826723,9497
2021-05-31T12:00:00Z,South Carolina,5148714,189.095762554,9736
2020-04-30T12:00:00Z,South Dakota,884659,1.921644385,17
2020-05-31T12:00:00Z,South Dakota,884659,7.00835011,62
2020-06-30T12:00:00Z,South Dakota,884659,10.286449355,91
2020-07-31T12:00:00Z,South Dakota,884659,14.69492765,130
2020-08-31T12:00:00Z,South Dakota,884659,18.877330135,167
2020-09-30T12:00:00Z,South Dakota,884659,25.207452815,223
2020-10-31T12:00:00Z,South Dakota,884659,48.041109625,425
2020-11-30T12:00:00Z,South Dakota,884659,106.933858131,946
2020-12-31T12:00:00Z,South Dakota,884659,168.200402641,1488
2021-01-31T12:00:00Z,South Dakota,884659,200.981395091,1778
2021-02-28T12:00:00Z,South Dakota,884659,213.415564641,1888
2021-03-31T12:00:00Z,South Dakota,884659,218.728346176,1935
2021-04-30T12:00:00Z,South Dakota,884659,222.345559136,1967
2021-05-31T12:00:00Z,South Dakota,884659,227.658340671,2014
2020-04-30T12:00:00Z,Tennessee,6829174,2.913968805,199
2020-05-31T12:00:00Z,Tennessee,6829174,5.330073593,364
2020-06-30T12:00:00Z,Tennessee,6829174,8.84440783,604
2020-07-31T12:00:00Z,Tennessee,6829174,15.521642881,1060
2020-08-31T12:00:00Z,Tennessee,6829174,25.68392605,1754
2020-09-30T12:00:00Z,Tennessee,6829174,35.934067575,2454
2020-10-31T12:00:00Z,Tennessee,6829174,49.098177906,3353
2020-11-30T12:00:00Z,Tennessee,6829174,67.387358998,4602
2020-12-31T12:00:00Z,Tennessee,6829174,101.139610735,6907
2021-01-31T12:00:00Z,Tennessee,6829174,141.305522454,9650
2021-02-28T12:00:00Z,Tennessee,6829174,167.09194992,11411
2021-03-31T12:00:00Z,Tennessee,6829174,174.310978165,11904
2021-04-30T12:00:00Z,Tennessee,6829174,178.601394546,12197
2021-05-31T12:00:00Z,Tennessee,6829174,182.174301021,12441
2020-04-30T12:00:00Z,Texas,28995881,2.921104553,847
2020-05-31T12:00:00Z,Texas,28995881,6.045686282,1753
2020-06-30T12:00:00Z,Texas,28995881,8.942649475,2593
2020-07-31T12:00:00Z,Texas,28995881,24.06893586,6979
2020-08-31T12:00:00Z,Texas,28995881,45.196074573,13105
2020-09-30T12:00:00Z,Texas,28995881,56.173495815,16288
2020-10-31T12:00:00Z,Texas,28995881,64.795410079,18788
2020-11-30T12:00:00Z,Texas,28995881,76.807461032,22271
2020-12-31T12:00:00Z,Texas,28995881,96.793058297,28066
2021-01-31T12:00:00Z,Texas,28995881,127.859539774,37074
2021-02-28T12:00:00Z,Texas,28995881,150.700715043,43697
2021-03-31T12:00:00Z,Texas,28995881,166.409842833,48252
2021-04-30T12:00:00Z,Texas,28995881,173.193564976,50219
2021-05-31T12:00:00Z,Texas,28995881,177.63902397,51508
2020-04-30T12:00:00Z,Utah,3205958,1.434828529,46
2020-05-31T12:00:00Z,Utah,3205958,3.524687473,113
2020-06-30T12:00:00Z,Utah,3205958,5.36501102,172
2020-07-31T12:00:00Z,Utah,3205958,9.482345059,304
2020-08-31T12:00:00Z,Utah,3205958,12.695113286,407
2020-09-30T12:00:00Z,Utah,3205958,14.317093362,459
2020-10-31T12:00:00Z,Utah,3205958,18.839922419,604
2020-11-30T12:00:00Z,Utah,3205958,27.16816627,871
2020-12-31T12:00:00Z,Utah,3205958,39.582552236,1269
2021-01-31T12:00:00Z,Utah,3205958,51.934554352,1665
2021-02-28T12:00:00Z,Utah,3205958,60.356373976,1935
2021-03-31T12:00:00Z,Utah,3205958,66.189263864,2122
2021-04-30T12:00:00Z,Utah,3205958,68.684617827,2202
2021-05-31T12:00:00Z,Utah,3205958,71.803810281,2302
2020-04-30T12:00:00Z,Vermont,623989,7.852702532,49
2020-05-31T12:00:00Z,Vermont,623989,8.814257944,55
2020-06-30T12:00:00Z,Vermont,623989,8.974517179,56
2020-07-31T12:00:00Z,Vermont,623989,9.134776414,57
2020-08-31T12:00:00Z,Vermont,623989,9.29503565,58
2020-09-30T12:00:00Z,Vermont,623989,9.29503565,58
2020-10-31T12:00:00Z,Vermont,623989,9.29503565,58
2020-11-30T12:00:00Z,Vermont,623989,11.057887238,69
2020-12-31T12:00:00Z,Vermont,623989,21.795256006,136
2021-01-31T12:00:00Z,Vermont,623989,27.885106949,174
2021-02-28T12:00:00Z,Vermont,623989,32.692884009,204
2021-03-31T12:00:00Z,Vermont,623989,36.378846422,227
2021-04-30T12:00:00Z,Vermont,623989,39.423771893,246
2021-05-31T12:00:00Z,Vermont,623989,40.866105011,255
2020-04-30T12:00:00Z,Virginia,8535519,6.467093565,552
2020-05-31T12:00:00Z,Virginia,8535519,16.109155167,1375
2020-06-30T12:00:00Z,Virginia,8535519,20.654865861,1763
2020-07-31T12:00:00Z,Virginia,8535519,25.470038787,2174
2020-08-31T12:00:00Z,Virginia,8535519,30.226632967,2580
2020-09-30T12:00:00Z,Virginia,8535519,37.584123473,3208
2020-10-31T12:00:00Z,Virginia,8535519,42.809347621,3654
2020-11-30T12:00:00Z,Virginia,8535519,47.5893733,4062
2020-12-31T12:00:00Z,Virginia,8535519,58.953650036,5032
2021-01-31T12:00:00Z,Virginia,8535519,75.730602908,6464
2021-02-28T12:00:00Z,Virginia,8535519,100.193087263,8552
2021-03-31T12:00:00Z,Virginia,8535519,120.109860924,10252
2021-04-30T12:00:00Z,Virginia,8535519,126.178619015,10770
2021-05-31T12:00:00Z,Virginia,8535519,131.052370688,11186
2020-04-30T12:00:00Z,Washington,7614893,10.9784865,836
2020-05-31T12:00:00Z,Washington,7614893,14.747416674,1123
2020-06-30T12:00:00Z,Washington,7614893,17.111205633,1303
2020-07-31T12:00:00Z,Washington,7614893,21.050853899,1603
2020-08-31T12:00:00Z,Washington,7614893,25.108691613,1912
2020-09-30T12:00:00Z,Washington,7614893,27.577537859,2100
2020-10-31T12:00:00Z,Washington,7614893,30.794917276,2345
2020-11-30T12:00:00Z,Washington,7614893,36.271028365,2762
2020-12-31T12:00:00Z,Washington,7614893,45.450408824,3461
2021-01-31T12:00:00Z,Washington,7614893,56.271309393,4285
2021-02-28T12:00:00Z,Washington,7614893,65.082989347,4956
2021-03-31T12:00:00Z,Washington,7614893,68.904448165,5247
2021-04-30T12:00:00Z,Washington,7614893,72.213752708,5499
2021-05-31T12:00:00Z,Washington,7614893,75.706907503,5765
2020-04-30T12:00:00Z,West Virginia,1792147,2.287758761,41
2020-05-31T12:00:00Z,West Virginia,1792147,4.184924563,75
2020-06-30T12:00:00Z,West Virginia,1792147,5.189306458,93
2020-07-31T12:00:00Z,West Virginia,1792147,6.472683323,116
2020-08-31T12:00:00Z,West Virginia,1792147,11.996783746,215
2020-09-30T12:00:00Z,West Virginia,1792147,19.808642929,355
2020-10-31T12:00:00Z,West Virginia,1792147,25.611738323,459
2020-11-30T12:00:00Z,West Virginia,1792147,41.012260713,735
2020-12-31T12:00:00Z,West Virginia,1792147,74.659054196,1338
2021-01-31T12:00:00Z,West Virginia,1792147,112.937164195,2024
2021-02-28T12:00:00Z,West Virginia,1792147,128.337686585,2300
2021-03-31T12:00:00Z,West Virginia,1792147,149.318108392,2676
2021-04-30T12:00:00Z,West Virginia,1792147,149.485505374,2679
2021-05-31T12:00:00Z,West Virginia,1792147,155.790791715,2792
2020-04-30T12:00:00Z,Wisconsin,5822434,5.427283504,316
2020-05-31T12:00:00Z,Wisconsin,5822434,10.167569096,592
2020-06-30T12:00:00Z,Wisconsin,5822434,13.465159073,784
2020-07-31T12:00:00Z,Wisconsin,5822434,16.041401242,934
2020-08-31T12:00:00Z,Wisconsin,5822434,19.270291428,1122
2020-09-30T12:00:00Z,Wisconsin,5822434,22.791155726,1327
2020-10-31T12:00:00Z,Wisconsin,5822434,34.882318975,2031
2020-11-30T12:00:00Z,Wisconsin,5822434,60.009267602,3494
2020-12-31T12:00:00Z,Wisconsin,5822434,90.031076351,5242
2021-01-31T12:00:00Z,Wisconsin,5822434,110.503614124,6434
2021-02-28T12:00:00Z,Wisconsin,5822434,120.465083846,7014
2021-03-31T12:00:00Z,Wisconsin,5822434,125.634743133,7315
2021-04-30T12:00:00Z,Wisconsin,5822434,129.670855865,7550
2021-05-31T12:00:00Z,Wisconsin,5822434,134.926389891,7856
2020-04-30T12:00:00Z,Wyoming,578759,1.209484431,7
2020-05-31T12:00:00Z,Wyoming,578759,2.764535843,16
2020-06-30T12:00:00Z,Wyoming,578759,3.455669804,20
2020-07-31T12:00:00Z,Wyoming,578759,4.492370745,26
2020-08-31T12:00:00Z,Wyoming,578759,6.392989137,37
2020-09-30T12:00:00Z,Wyoming,578759,8.63917451,50
2020-10-31T12:00:00Z,Wyoming,578759,15.032163647,87
2020-11-30T12:00:00Z,Wyoming,578759,37.148450391,215
2020-12-31T12:00:00Z,Wyoming,578759,75.679168704,438
2021-01-31T12:00:00Z,Wyoming,578759,102.978960154,596
2021-02-28T12:00:00Z,Wyoming,578759,115.937721919,671
2021-03-31T12:00:00Z,Wyoming,578759,120.948443134,700
2021-04-30T12:00:00Z,Wyoming,578759,122.157927566,707
2021-05-31T12:00:00Z,Wyoming,578759,124.231329448,719
